"submateri,packet,question_text,option_a,option_b,option_c,option_d,option_e,correct_answer,explanation,difficulty"
"PU,Set 1,""Semua siswa yang rajin belajar akan lulus ujian. Budi tidak lulus ujian. Kesimpulan yang tepat adalah..."",""Budi tidak rajin belajar"",""Budi mungkin rajin belajar"",""Budi pasti rajin belajar"",""Tidak ada kesimpulan yang bisa diambil"",""Budi sakit saat ujian"",A,""Silogisme modus tollens: Jika P→Q dan ~Q, maka ~P. Karena Budi tidak lulus (~Q), maka Budi tidak rajin belajar (~P)."",medium"
"PU,Set 1,""Jika hujan turun maka jalanan basah. Jalanan tidak basah. Maka..."",""Hujan turun"",""Hujan tidak turun"",""Mungkin hujan turun"",""Jalanan kering"",""Tidak dapat disimpulkan"",B,""Modus tollens: ~Q maka ~P. Jalanan tidak basah (~Q), maka hujan tidak turun (~P)."",easy"
"PU,Set 1,""Semua burung memiliki sayap. Pinguin adalah burung. Maka..."",""Pinguin bisa terbang"",""Pinguin memiliki sayap"",""Pinguin tidak memiliki sayap"",""Pinguin bukan burung"",""Semua burung bisa terbang"",B,""Silogisme kategorikal: Semua A adalah B, C adalah A, maka C adalah B."",easy"
"PU,Set 1,""Tidak ada siswa yang malas lulus ujian. Beberapa siswa SMA X lulus ujian. Maka..."",""Semua siswa SMA X tidak malas"",""Beberapa siswa SMA X tidak malas"",""Semua siswa SMA X malas"",""Tidak ada siswa SMA X yang malas"",""Tidak dapat disimpulkan"",B,""Kontrapositif: Jika lulus maka tidak malas. Beberapa lulus, maka beberapa tidak malas."",medium"
"PU,Set 1,""A lebih tinggi dari B. B sama tinggi dengan C. D lebih pendek dari C. Maka urutan dari tertinggi adalah..."",""A-B-C-D"",""A-C-B-D"",""D-C-B-A"",""A-B-D-C"",""B-C-A-D"",A,""A>B, B=C, maka A>C. D<C, maka urutan: A > B = C > D."",medium"
"PU,Set 2,""Semua dokter adalah sarjana. Beberapa sarjana adalah peneliti. Maka..."",""Semua dokter adalah peneliti"",""Beberapa dokter adalah peneliti"",""Tidak ada dokter yang peneliti"",""Beberapa peneliti adalah dokter"",""Tidak dapat disimpulkan"",E,""Tidak ada hubungan pasti antara dokter dan peneliti dari premis yang ada."",medium"
"PU,Set 2,""Jika Ani belajar maka ia mendapat nilai bagus. Ani mendapat nilai bagus. Maka..."",""Ani pasti belajar"",""Ani tidak belajar"",""Ani mungkin belajar"",""Ani tidak mendapat nilai bagus"",""Ani malas"",C,""Kesalahan afirmasi konsekuen. P→Q dan Q tidak bisa menyimpulkan P pasti benar, hanya mungkin."",hard"
"PU,Set 2,""Semua mahasiswa yang ikut organisasi sibuk. Rina tidak sibuk. Maka..."",""Rina mahasiswa"",""Rina tidak ikut organisasi"",""Rina ikut organisasi"",""Rina sibuk"",""Tidak dapat disimpulkan"",B,""Modus tollens: Ikut organisasi → Sibuk. Tidak sibuk → Tidak ikut organisasi."",medium"
"PU,Set 2,""P dan Q benar, maka R salah. R benar. Maka..."",""P dan Q benar"",""P atau Q salah"",""P dan Q salah"",""R salah"",""Tidak dapat disimpulkan"",C,""Kontrapositif: Jika R benar, maka P dan Q tidak keduanya benar (minimal salah satu salah)."",hard"
"PU,Set 2,""Tiga anak A, B, C duduk berurutan. A tidak duduk di ujung. B duduk di sebelah kiri C. Urutan yang benar adalah..."",""A-B-C"",""B-A-C"",""C-A-B"",""B-C-A"",""C-B-A"",B,""A tidak di ujung, B kiri C, maka: B-A-C."",easy"
"PM,Set 1,""Jika f(x) = 2x² + 3x - 5, maka nilai f(2) adalah..."",""9"",""11"",""13"",""15"",""17"",A,""f(2) = 2(2)² + 3(2) - 5 = 2(4) + 6 - 5 = 8 + 6 - 5 = 9."",easy"
"PM,Set 1,""Turunan pertama dari f(x) = 3x³ - 4x² + 2x adalah..."",""9x² - 8x + 2"",""9x² + 8x + 2"",""6x² - 8x + 2"",""3x² - 4x + 2"",""9x³ - 8x² + 2x"",A,""f'(x) = 3(3x²) - 2(4x) + 2 = 9x² - 8x + 2."",medium"
"PM,Set 1,""Lim (x→2) (x² - 4)/(x - 2) = ..."",""2"",""4"",""6"",""8"",""Tidak ada"",B,""Faktorkan: (x-2)(x+2)/(x-2) = x+2. Substitusi x=2: 2+2 = 4."",medium"
"PM,Set 1,""Jika 2x + 5 = 13, maka nilai x adalah..."",""2"",""3"",""4"",""5"",""6"",C,""2x + 5 = 13, maka 2x = 8, x = 4."",easy"
"PM,Set 1,""Gradien garis yang melalui titik (2,3) dan (4,7) adalah..."",""1"",""2"",""3"",""4"",""5"",B,""m = (y₂-y₁)/(x₂-x₁) = (7-3)/(4-2) = 4/2 = 2."",easy"
"PM,Set 2,""Integral dari ∫(4x³ + 2x)dx adalah..."",""x⁴ + x² + C"",""4x⁴ + 2x² + C"",""x⁴ + 2x² + C"",""4x⁴ + x² + C"",""x⁴ + x + C"",A,""∫4x³dx = x⁴, ∫2xdx = x², jadi x⁴ + x² + C."",medium"
"PM,Set 2,""Jika log 2 = 0.301, maka log 8 = ..."",""0.602"",""0.903"",""1.204"",""0.301"",""2.408"",B,""log 8 = log 2³ = 3 log 2 = 3(0.301) = 0.903."",medium"
"PM,Set 2,""Suku ke-10 dari barisan aritmatika 3, 7, 11, 15, ... adalah..."",""35"",""39"",""43"",""47"",""51"",B,""Un = a + (n-1)b. U₁₀ = 3 + (10-1)(4) = 3 + 36 = 39."",medium"
"PM,Set 2,""Nilai x yang memenuhi 2ˣ = 32 adalah..."",""3"",""4"",""5"",""6"",""7"",C,""2ˣ = 32 = 2⁵, maka x = 5."",easy"
"PM,Set 2,""Luas segitiga dengan alas 8 cm dan tinggi 6 cm adalah..."",""24 cm²"",""36 cm²"",""48 cm²"",""18 cm²"",""12 cm²"",A,""L = ½ × alas × tinggi = ½ × 8 × 6 = 24 cm²."",easy"
"LBI,Set 1,""Kata baku yang benar adalah..."",""Analisa"",""Analisis"",""Analisasi"",""Analisir"",""Analise"",B,""Kata baku sesuai KBBI adalah 'analisis', bukan 'analisa'."",easy"
"LBI,Set 1,""Penulisan kata yang tepat adalah..."",""di mana"",""dimana"",""di-mana"",""di. mana"",""Dimana"",A,""'Di mana' ditulis terpisah karena 'di' sebagai kata tanya."",easy"
"LBI,Set 1,""Antonim dari kata 'optimis' adalah..."",""Pesimis"",""Realis"",""Idealis"",""Materialis"",""Naturalis"",A,""Antonim (lawan kata) dari optimis adalah pesimis."",easy"
"LBI,Set 1,""Sinonim dari kata 'kontradiksi' adalah..."",""Pertentangan"",""Persetujuan"",""Perdamaian"",""Persamaan"",""Perbedaan"",A,""Kontradiksi berarti pertentangan atau ketidaksesuaian."",medium"
"LBI,Set 1,""Kalimat efektif yang benar adalah..."",""Saya dan dia pergi ke pasar"",""Saya dengan dia pergi ke pasar"",""Antara saya dan dia pergi ke pasar"",""Saya serta dengan dia pergi ke pasar"",""Saya bersama-sama dengan dia pergi ke pasar"",A,""Kalimat efektif tidak ada pemborosan kata. 'Saya dan dia' sudah tepat."",medium"
"LBI,Set 2,""Kata yang mengalami pergeseran makna meluas adalah..."",""Ibu (dari orang tua → panggilan sopan)"",""Kepala (dari bagian tubuh → pemimpin)"",""Kaki (dari bagian tubuh → bagian bawah)"",""Tangan (dari bagian tubuh → pekerja)"",""Bapak (dari ayah → panggilan sopan)"",A,""Perluasan makna: kata 'ibu' yang awalnya hanya untuk orang tua, meluas untuk panggilan sopan ke semua wanita."",hard"
"LBI,Set 2,""Majas yang digunakan dalam kalimat 'Hatiku hancur mendengar kabar itu' adalah..."",""Hiperbola"",""Metafora"",""Personifikasi"",""Simile"",""Ironi"",B,""Metafora: perbandingan langsung tanpa kata pembanding. 'Hati hancur' adalah metafora."",medium"
"LBI,Set 2,""Imbuhan yang menyatakan 'tempat' adalah..."",""Per-an"",""Ke-an"",""Pe-an"",""Pen-an"",""Peng-an"",A,""Imbuhan per-an menyatakan tempat, contoh: perkebunan, perikanan, perhentian."",medium"
"LBI,Set 2,""Ejaan yang benar untuk singkatan adalah..."",""Dr"",""Dr."",""DR"",""dr"",""DR."",B,""Singkatan gelar menggunakan huruf kapital dan diikuti titik: Dr."",easy"
"LBI,Set 2,""Kalimat yang menggunakan kata hubung sebab-akibat adalah..."",""Dia tidak masuk karena sakit"",""Dia belajar sambil mendengar musik"",""Dia pergi sebelum matahari terbit"",""Dia senang meskipun lelah"",""Dia datang saat hujan turun"",A,""Kata hubung 'karena' menunjukkan hubungan sebab-akibat."",easy"
"LBE,Set 1,""Which sentence is grammatically correct?"",""She don't like coffee"",""She doesn't like coffee"",""She not like coffee"",""She doesn't likes coffee"",""She do not like coffee"",B,""Third person singular (she) uses 'doesn't', not 'don't'."",easy"
"LBE,Set 1,""The opposite of 'expensive' is..."",""Cheap"",""Costly"",""Valuable"",""Precious"",""Worthless"",A,""Antonim dari expensive (mahal) adalah cheap (murah)."",easy"
"LBE,Set 1,""I ... to Bali last year."",""go"",""goes"",""went"",""gone"",""going"",C,""Past tense dari 'go' adalah 'went'. 'Last year' menunjukkan past tense."",easy"
"LBE,Set 1,""She has ... in Jakarta for five years."",""live"",""lives"",""lived"",""living"",""been living"",E,""Present perfect continuous: has/have + been + V-ing. Untuk durasi waktu yang masih berlanjut."",medium"
"LBE,Set 1,""If I ... rich, I would travel the world."",""am"",""is"",""was"",""were"",""be"",D,""Conditional type 2: If + S + were/V2, S + would + V1. 'Were' untuk semua subjek."",medium"
"LBE,Set 2,""The book ... by many students."",""reads"",""is read"",""is reading"",""has read"",""was reading"",B,""Passive voice: is/am/are + V3. 'The book is read' (buku dibaca)."",medium"
"LBE,Set 2,""Neither John ... Mary came to the party."",""or"",""nor"",""and"",""but"",""so"",B,""Neither ... nor adalah pasangan korelasi yang benar."",easy"
"LBE,Set 2,""The word 'benevolent' means..."",""Kind and generous"",""Evil and cruel"",""Stupid and foolish"",""Brave and strong"",""Wise and smart"",A,""Benevolent artinya baik hati dan murah hati (kind and generous)."",medium"
"LBE,Set 2,""She is ... student in the class."",""smart"",""smarter"",""smartest"",""the smartest"",""more smart"",D,""Superlative degree: the + adjective-est atau the most + adjective. 'The smartest' untuk perbandingan lebih dari dua."",medium"
"LBE,Set 2,""I wish I ... more time to study."",""have"",""has"",""had"",""having"",""will have"",C,""Wish + past tense untuk menyatakan keinginan yang berlawanan dengan kenyataan sekarang."",medium"
"PK,Set 1,""Jika 3x - 7 = 14, maka nilai x adalah..."",""5"",""6"",""7"",""8"",""9"",C,""3x - 7 = 14, maka 3x = 21, x = 7."",easy"
"PK,Set 1,""Perbandingan umur ayah dan anak adalah 5:2. Jika umur ayah 40 tahun, umur anak adalah..."",""12 tahun"",""14 tahun"",""16 tahun"",""18 tahun"",""20 tahun"",C,""5:2 = 40:x, maka 5x = 80, x = 16 tahun."",medium"
"PK,Set 1,""25% dari 80 adalah..."",""15"",""20"",""25"",""30"",""35"",B,""25% × 80 = 25/100 × 80 = 20."",easy"
"PK,Set 1,""Jika a = 3, b = 4, maka nilai a² + b² adalah..."",""12"",""16"",""20"",""25"",""30"",D,""a² + b² = 3² + 4² = 9 + 16 = 25."",easy"
"PK,Set 1,""Rata-rata dari 5, 7, 9, 11, 13 adalah..."",""8"",""9"",""10"",""11"",""12"",B,""Rata-rata = (5+7+9+11+13)/5 = 45/5 = 9."",easy"
"PK,Set 2,""Jika harga barang naik 20% menjadi Rp 120.000, harga awal adalah..."",""Rp 90.000"",""Rp 95.000"",""Rp 100.000"",""Rp 105.000"",""Rp 110.000"",C,""120.000 = 120% dari harga awal. Harga awal = 120.000/1.2 = 100.000."",medium"
"PK,Set 2,""Luas persegi panjang dengan panjang 12 cm dan lebar 8 cm adalah..."",""72 cm²"",""80 cm²"",""88 cm²"",""96 cm²"",""104 cm²"",D,""L = p × l = 12 × 8 = 96 cm²."",easy"
"PK,Set 2,""Jarak pada peta 5 cm mewakili jarak sebenarnya 100 km. Skala peta adalah..."",""1 : 200.000"",""1 : 2.000.000"",""1 : 20.000.000"",""1 : 200.000.000"",""1 : 2.000"",B,""100 km = 10.000.000 cm. Skala = 5:10.000.000 = 1:2.000.000."",medium"
"PK,Set 2,""Sebuah dadu dilempar sekali. Peluang muncul angka genap adalah..."",""1/6"",""1/3"",""1/2"",""2/3"",""5/6"",C,""Angka genap: 2, 4, 6 (3 dari 6). P = 3/6 = 1/2."",easy"
"PK,Set 2,""Volume kubus dengan panjang rusuk 5 cm adalah..."",""25 cm³"",""75 cm³"",""100 cm³"",""125 cm³"",""150 cm³"",D,""V = s³ = 5³ = 125 cm³."",easy"
"PPU,Set 1,""Pancasila disahkan sebagai dasar negara pada tanggal..."",""17 Agustus 1945"",""18 Agustus 1945"",""1 Juni 1945"",""22 Juni 1945"",""5 Juli 1945"",B,""Pancasila disahkan PPKI pada 18 Agustus 1945."",medium"
"PPU,Set 1,""Ibukota negara Indonesia adalah..."",""Bandung"",""Jakarta"",""Surabaya"",""Medan"",""Yogyakarta"",B,""Ibukota Indonesia adalah Jakarta (akan pindah ke IKN Nusantara)."",easy"
"PPU,Set 1,""Sila ke-2 Pancasila adalah..."",""Ketuhanan Yang Maha Esa"",""Kemanusiaan yang Adil dan Beradab"",""Persatuan Indonesia"",""Kerakyatan yang Dipimpin oleh Hikmat Kebijaksanaan"",""Keadilan Sosial"",B,""Urutan Pancasila: 1.Ketuhanan, 2.Kemanusiaan, 3.Persatuan, 4.Kerakyatan, 5.Keadilan."",easy"
"PPU,Set 1,""Lembaga yang berwenang mengubah UUD 1945 adalah..."",""DPR"",""MPR"",""Presiden"",""MK"",""MA"",B,""MPR berwenang mengubah dan menetapkan UUD (pasal 3 UUD 1945)."",medium"
"PPU,Set 1,""ASEAN didirikan pada tahun..."",""1945"",""1955"",""1965"",""1967"",""1975"",D,""ASEAN didirikan 8 Agustus 1967 di Bangkok, Thailand."",medium"
"PPU,Set 2,""Negara pendiri ASEAN yang bukan dari negara berikut adalah..."",""Indonesia"",""Singapura"",""Vietnam"",""Thailand"",""Filipina"",C,""Pendiri ASEAN (1967): Indonesia, Malaysia, Singapura, Thailand, Filipina. Vietnam bergabung 1995."",medium"
"PPU,Set 2,""Presiden pertama Indonesia adalah..."",""Soekarno"",""Soeharto"",""BJ Habibie"",""Megawati"",""SBY"",A,""Presiden pertama RI adalah Ir. Soekarno (1945-1967)."",easy"
"PPU,Set 2,""Organisasi negara-negara pengekspor minyak adalah..."",""OPEC"",""WTO"",""IMF"",""WHO"",""UNESCO"",A,""OPEC (Organization of Petroleum Exporting Countries) adalah organisasi negara pengekspor minyak."",medium"
"PPU,Set 2,""Lambang negara Indonesia adalah..."",""Garuda"",""Harimau"",""Gajah"",""Banteng"",""Burung Cenderawasih"",A,""Lambang negara Indonesia adalah Garuda Pancasila."",easy"
"PPU,Set 2,""Hak Asasi Manusia dalam UUD 1945 diatur dalam pasal..."",""27"",""28"",""29"",""30"",""31"",B,""HAM diatur dalam Pasal 28A-28J UUD 1945 (hasil amandemen kedua)."",hard"
"PBM,Set 1,""Ide pokok paragraf terletak pada..."",""Kalimat pertama"",""Kalimat terakhir"",""Kalimat utama"",""Kalimat penjelas"",""Semua kalimat"",C,""Ide pokok terdapat pada kalimat utama, bisa di awal, akhir, atau tengah paragraf."",medium"
"PBM,Set 1,""Teks yang berisi langkah-langkah melakukan sesuatu adalah..."",""Narasi"",""Deskripsi"",""Prosedur"",""Argumentasi"",""Eksposisi"",C,""Teks prosedur berisi langkah-langkah atau cara melakukan sesuatu."",easy"
"PBM,Set 1,""Ciri-ciri teks berita yang benar adalah..."",""Faktual, aktual, menarik"",""Fiktif, imajinatif, kreatif"",""Persuasif, meyakinkan"",""Instruktif, direktif"",""Naratif, deskriptif"",A,""Teks berita bersifat faktual (berdasarkan fakta), aktual (terbaru), dan menarik."",medium"
"PBM,Set 1,""Unsur 5W+1H dalam berita adalah..."",""What, When, Where, Who, Why, How"",""Who, What, Where, When, Which, How"",""What, Which, Where, Who, Why, Whom"",""When, Where, What, Why, Which, How"",""Who, Whom, What, When, Where, Why"",A,""5W+1H: What (apa), When (kapan), Where (di mana), Who (siapa), Why (mengapa), How (bagaimana)."",easy"
"PBM,Set 1,""Konjungsi temporal adalah..."",""Dan, atau, tetapi"",""Kemudian, lalu, setelah itu"",""Karena, sebab, oleh karena itu"",""Jika, apabila, seandainya"",""Meskipun, walaupun, kendatipun"",B,""Konjungsi temporal menunjukkan urutan waktu: kemudian, lalu, setelah itu, dll."",medium"
"PBM,Set 2,""Teks yang bertujuan meyakinkan pembaca adalah..."",""Narasi"",""Deskripsi"",""Argumentasi"",""Eksposisi"",""Prosedur"",C,""Teks argumentasi bertujuan meyakinkan pembaca dengan argumen dan bukti."",medium"
"PBM,Set 2,""Unsur intrinsik cerpen yang menggambarkan tempat dan waktu adalah..."",""Tema"",""Alur"",""Latar"",""Tokoh"",""Amanat"",C,""Latar (setting) menggambarkan tempat, waktu, dan suasana cerita."",easy"
"PBM,Set 2,""Majas yang membandingkan dua hal berbeda adalah..."",""Hiperbola"",""Personifikasi"",""Metafora"",""Ironi"",""Paradoks"",C,""Metafora adalah majas perbandingan langsung tanpa kata penghubung."",medium"
"PBM,Set 2,""Kalimat yang menggunakan kata kerja material adalah..."",""Dia pergi ke sekolah"",""Dia adalah siswa rajin"",""Dia merasa senang"",""Dia berpikir keras"",""Dia tampak lelah"",A,""Kata kerja material menunjukkan tindakan fisik: pergi, membuat, menulis."",medium"
"PBM,Set 2,""Simpulan yang tepat dari suatu paragraf terletak pada..."",""Gagasan utama paragraf"",""Kalimat pertama"",""Kalimat terakhir"",""Kata kunci paragraf"",""Semua kalimat"",A,""Simpulan diambil dari gagasan utama/ide pokok paragraf."",medium"
"PU,Set 3,""Tidak ada politisi yang jujur. Semua menteri adalah politisi. Maka..."",""Semua menteri jujur"",""Semua menteri tidak jujur"",""Beberapa menteri jujur"",""Tidak ada menteri yang politisi"",""Tidak dapat disimpulkan"",B,""Silogisme: Tidak ada politisi jujur, semua menteri adalah politisi, maka semua menteri tidak jujur."",medium"
"PU,Set 3,""Jika hari ini cerah maka kita piknik. Kita tidak piknik. Maka..."",""Hari ini cerah"",""Hari ini tidak cerah"",""Mungkin hari ini cerah"",""Besok kita piknik"",""Tidak dapat disimpulkan"",B,""Modus tollens: Jika P maka Q, tidak Q, maka tidak P."",easy"
"PU,Set 3,""Semua A adalah B. Semua C adalah A. Maka..."",""Semua C adalah B"",""Semua B adalah C"",""Beberapa C adalah B"",""Tidak ada C yang B"",""Tidak dapat disimpulkan"",A,""Silogisme transitif: Semua C adalah A, semua A adalah B, maka semua C adalah B."",medium"
"PU,Set 3,""Ali lebih kaya dari Budi. Budi lebih kaya dari Citra. Dedi lebih miskin dari Citra. Urutan dari terkaya adalah..."",""Ali-Budi-Citra-Dedi"",""Dedi-Citra-Budi-Ali"",""Ali-Budi-Dedi-Citra"",""Budi-Ali-Citra-Dedi"",""Ali-Citra-Budi-Dedi"",A,""Ali > Budi > Citra > Dedi."",easy"
"PU,Set 3,""Beberapa bunga berwarna merah. Semua yang merah adalah indah. Maka..."",""Semua bunga indah"",""Beberapa bunga indah"",""Tidak ada bunga yang indah"",""Semua yang indah adalah bunga"",""Tidak dapat disimpulkan"",B,""Beberapa bunga merah, semua merah indah, maka beberapa bunga indah."",medium"
"PU,Set 3,""Jika rajin maka sukses. Jika sukses maka bahagia. Ali rajin. Maka..."",""Ali sukses"",""Ali bahagia"",""Ali rajin dan bahagia"",""Ali sukses dan bahagia"",""Tidak dapat disimpulkan"",D,""Transitif: Rajin→Sukses→Bahagia. Ali rajin, maka Ali sukses dan bahagia."",medium"
"PU,Set 3,""Tidak semua mahasiswa suka matematika. Budi adalah mahasiswa. Maka..."",""Budi suka matematika"",""Budi tidak suka matematika"",""Budi mungkin suka matematika"",""Semua mahasiswa suka matematika"",""Tidak dapat disimpulkan"",C,""'Tidak semua' berarti ada yang suka dan tidak suka, jadi Budi mungkin suka."",medium"
"PU,Set 3,""P atau Q benar. P salah. Maka..."",""Q benar"",""Q salah"",""P dan Q benar"",""P dan Q salah"",""Tidak dapat disimpulkan"",A,""Disjungsi: P∨Q. Jika P salah, maka Q harus benar."",easy"
"PU,Set 3,""Semua siswa kelas A pintar. Rina bukan siswa kelas A. Maka..."",""Rina pintar"",""Rina tidak pintar"",""Rina mungkin pintar"",""Rina bodoh"",""Tidak dapat disimpulkan"",C,""Premis hanya bicara tentang siswa kelas A. Rina bukan kelas A, jadi tidak bisa disimpulkan."",medium"
"PU,Set 3,""Jika lulus maka senang. Ani senang. Maka..."",""Ani lulus"",""Ani tidak lulus"",""Ani mungkin lulus"",""Ani sedih"",""Tidak dapat disimpulkan"",C,""Kesalahan afirmasi konsekuen. Senang bisa karena hal lain, jadi Ani mungkin lulus."",hard"
"PU,Set 4,""A, B, C duduk melingkar. A di sebelah kanan B. C tidak di sebelah A. Maka posisi C adalah..."",""Di sebelah kiri B"",""Di sebelah kanan B"",""Di sebelah A"",""Di tengah"",""Tidak dapat ditentukan"",A,""Melingkar: A kanan B, C tidak sebelah A, maka C di kiri B (sebelah B yang satunya)."",medium"
"PU,Set 4,""Semua guru adalah sarjana. Pak Budi adalah guru. Maka..."",""Pak Budi sarjana"",""Pak Budi bukan sarjana"",""Semua sarjana adalah guru"",""Beberapa guru bukan sarjana"",""Tidak dapat disimpulkan"",A,""Silogisme sederhana: Semua guru sarjana, Pak Budi guru, maka Pak Budi sarjana."",easy"
"PU,Set 4,""Jika hujan maka jalan licin. Jalan tidak licin. Maka..."",""Hujan"",""Tidak hujan"",""Mungkin hujan"",""Jalan kering"",""Tidak dapat disimpulkan"",B,""Modus tollens: Tidak licin, maka tidak hujan."",easy"
"PU,Set 4,""Tidak ada dokter yang malas. Beberapa dokter adalah peneliti. Maka..."",""Semua peneliti tidak malas"",""Beberapa peneliti tidak malas"",""Semua peneliti malas"",""Tidak ada peneliti yang malas"",""Tidak dapat disimpulkan"",B,""Beberapa dokter adalah peneliti, semua dokter tidak malas, maka beberapa peneliti tidak malas."",medium"
"PU,Set 4,""P hanya jika Q. Q salah. Maka..."",""P benar"",""P salah"",""P dan Q benar"",""Tidak dapat disimpulkan"",""P atau Q benar"",B,""'P hanya jika Q' berarti P→Q. Q salah, maka P pasti salah (modus tollens)."",hard"
"PU,Set 4,""Semua harimau adalah karnivora. Beberapa karnivora adalah hewan langka. Maka..."",""Semua harimau adalah hewan langka"",""Beberapa harimau adalah hewan langka"",""Tidak ada harimau yang langka"",""Semua hewan langka adalah harimau"",""Tidak dapat disimpulkan"",E,""Tidak ada hubungan pasti antara harimau dan hewan langka dari premis yang ada."",medium"
"PU,Set 4,""Tiga orang A, B, C berbeda usia. A lebih muda dari B. C paling tua. Urutan dari termuda adalah..."",""A-B-C"",""C-B-A"",""B-A-C"",""A-C-B"",""C-A-B"",A,""A < B, C paling tua, maka A-B-C."",easy"
"PU,Set 4,""Jika belajar maka paham. Tidak belajar. Maka..."",""Paham"",""Tidak paham"",""Mungkin paham"",""Belajar"",""Tidak dapat disimpulkan"",C,""Kesalahan ingkar anteseden. Tidak belajar tidak menjamin tidak paham (bisa paham dari cara lain)."",hard"
"PU,Set 4,""Semua mobil bermesin. Beberapa yang bermesin boros bensin. Maka..."",""Semua mobil boros bensin"",""Beberapa mobil boros bensin"",""Tidak ada mobil yang boros"",""Semua yang boros adalah mobil"",""Tidak dapat disimpulkan"",E,""Premis tidak cukup untuk menyimpulkan hubungan mobil dan boros bensin."",medium"
"PU,Set 4,""Ani atau Budi yang menang. Budi tidak menang. Maka..."",""Ani menang"",""Ani tidak menang"",""Ani dan Budi menang"",""Tidak ada yang menang"",""Tidak dapat disimpulkan"",A,""Disjungsi eksklusif: Ani atau Budi. Budi tidak, maka Ani menang."",easy"
"PU,Set 5,""Semua burung bisa terbang. Ayam adalah burung. Maka..."",""Ayam bisa terbang"",""Ayam tidak bisa terbang"",""Beberapa ayam bisa terbang"",""Tidak semua burung bisa terbang"",""Tidak dapat disimpulkan"",A,""Meski kenyataannya salah, secara logika silogisme: Semua burung terbang, ayam burung, maka ayam terbang. (Ini menunjukkan premis mayor salah)."",hard"
"PU,Set 5,""Jika sakit maka pergi ke dokter. Pergi ke dokter. Maka..."",""Sakit"",""Tidak sakit"",""Mungkin sakit"",""Sehat"",""Tidak dapat disimpulkan"",C,""Kesalahan afirmasi konsekuen. Ke dokter bisa karena hal lain (check up, jenguk, dll)."",hard"
"PU,Set 5,""Tidak ada siswa malas yang lulus. Andi lulus. Maka..."",""Andi malas"",""Andi tidak malas"",""Andi rajin"",""Andi pintar"",""Tidak dapat disimpulkan"",B,""Kontrapositif: Lulus maka tidak malas. Andi lulus, maka Andi tidak malas."",medium"
"PU,Set 5,""A lebih tinggi dari B dan C. D lebih pendek dari C. Urutan dari tertinggi adalah..."",""A-B-C-D"",""A-C-B-D"",""D-C-B-A"",""A-B-D-C"",""Tidak dapat ditentukan"",E,""Kita tahu A > B, A > C, D < C. Tapi tidak tahu posisi relatif B dan C, atau B dan D."",hard"
"PU,Set 5,""Semua politisi pandai bicara. Tidak semua yang pandai bicara jujur. Maka..."",""Semua politisi jujur"",""Semua politisi tidak jujur"",""Beberapa politisi mungkin tidak jujur"",""Tidak ada politisi yang jujur"",""Tidak dapat disimpulkan"",C,""Semua politisi pandai bicara, tidak semua pandai bicara jujur, maka beberapa politisi mungkin tidak jujur."",medium"
"PU,Set 5,""Jika P maka Q. Jika Q maka R. Tidak R. Maka..."",""Tidak P"",""Tidak Q"",""Tidak P dan tidak Q"",""P benar"",""Tidak dapat disimpulkan"",C,""Transitif + modus tollens: P→Q→R. Tidak R, maka tidak Q, maka tidak P."",hard"
"PU,Set 5,""Semua mahasiswa membayar SPP. Rina adalah mahasiswa. Maka..."",""Rina membayar SPP"",""Rina tidak membayar SPP"",""Rina mungkin membayar SPP"",""Semua yang bayar SPP adalah mahasiswa"",""Tidak dapat disimpulkan"",A,""Silogisme sederhana: Semua mahasiswa bayar, Rina mahasiswa, maka Rina bayar."",easy"
"PU,Set 5,""Beberapa A adalah B. Semua B adalah C. Maka..."",""Semua A adalah C"",""Beberapa A adalah C"",""Tidak ada A yang C"",""Semua C adalah A"",""Tidak dapat disimpulkan"",B,""Beberapa A adalah B, semua B adalah C, maka beberapa A adalah C."",medium"
"PU,Set 5,""P dan Q tidak bisa keduanya benar. P benar. Maka..."",""Q benar"",""Q salah"",""P salah"",""P dan Q benar"",""Tidak dapat disimpulkan"",B,""Kontradiksi: Jika P benar dan tidak bisa keduanya benar, maka Q pasti salah."",easy"
"PU,Set 5,""Semua yang ikut lomba harus daftar. Budi tidak daftar. Maka..."",""Budi ikut lomba"",""Budi tidak ikut lomba"",""Budi mungkin ikut"",""Semua yang daftar ikut lomba"",""Tidak dapat disimpulkan"",B,""Modus tollens: Ikut→Daftar. Tidak daftar, maka tidak ikut."",medium"
"PM,Set 3,""Jika f(x) = x² - 4x + 3, maka nilai minimum fungsi adalah..."",""0"",""1"",""-1"",""2"",""-2"",C,""Vertex x = -b/2a = 4/2 = 2. f(2) = 4-8+3 = -1."",hard"
"PM,Set 3,""Integral ∫(6x² + 4x + 2)dx = ..."",""2x³ + 2x² + 2x + C"",""6x³ + 4x² + 2x + C"",""2x³ + 4x² + 2x + C"",""3x³ + 2x² + 2x + C"",""x³ + 2x² + 2x + C"",A,""∫6x²dx=2x³, ∫4xdx=2x², ∫2dx=2x."",medium"
"PM,Set 3,""Jika sin A = 3/5 dan A di kuadran I, maka cos A = ..."",""3/5"",""4/5"",""5/3"",""5/4"",""2/5"",B,""sin²A + cos²A = 1. (3/5)² + cos²A = 1, cos²A = 16/25, cos A = 4/5."",medium"
"PM,Set 3,""Suku ke-n barisan geometri 2, 6, 18, ... adalah..."",""2 × 3ⁿ"",""2 × 3ⁿ⁻¹"",""3 × 2ⁿ"",""3 × 2ⁿ⁻¹"",""6 × 3ⁿ"",B,""Un = a × rⁿ⁻¹ = 2 × 3ⁿ⁻¹."",medium"
"PM,Set 3,""Jika log 3 = 0.477, maka log 27 = ..."",""0.954"",""1.431"",""1.908"",""0.477"",""2.385"",B,""log 27 = log 3³ = 3 log 3 = 3(0.477) = 1.431."",medium"
"PM,Set 3,""Turunan dari f(x) = (2x + 1)³ adalah..."",""6(2x + 1)²"",""3(2x + 1)²"",""12(2x + 1)²"",""2(2x + 1)²"",""6(2x + 1)"",A,""Aturan rantai: f'(x) = 3(2x+1)² × 2 = 6(2x+1)²."",hard"
"PM,Set 3,""Luas lingkaran dengan diameter 14 cm adalah... (π=22/7)"",""154 cm²"",""308 cm²"",""616 cm²"",""77 cm²"",""44 cm²"",A,""r = 7 cm. L = πr² = 22/7 × 49 = 154 cm²."",easy"
"PM,Set 3,""Jika 5ˣ = 125, maka nilai x adalah..."",""2"",""3"",""4"",""5"",""6"",B,""5ˣ = 125 = 5³, maka x = 3."",easy"
"PM,Set 3,""Nilai dari √(49 + 51) adalah..."",""9"",""10"",""11"",""12"",""13"",B,""√100 = 10."",easy"
"PM,Set 3,""Jumlah deret aritmatika 2 + 4 + 6 + ... + 20 adalah..."",""100"",""110"",""120"",""130"",""140"",B,""Sn = n/2(a+Un) = 10/2(2+20) = 5×22 = 110."",medium"
"PM,Set 4,""Persamaan garis yang melalui titik (2,3) dan tegak lurus dengan y=2x+1 adalah..."",""y = -1/2x + 4"",""y = -2x + 7"",""y = 1/2x + 2"",""y = 2x - 1"",""y = -1/2x + 3"",A,""Gradien tegak lurus: m₁ × m₂ = -1. m₁=2, maka m₂=-1/2. y-3=-1/2(x-2), y=-1/2x+4."",hard"
"PM,Set 4,""Akar-akar persamaan x² - 5x + 6 = 0 adalah..."",""2 dan 3"",""1 dan 6"",""-2 dan -3"",""2 dan -3"",""-1 dan -6"",A,""Faktorkan: (x-2)(x-3)=0, maka x=2 atau x=3."",medium"
"PM,Set 4,""Jika f(x) = 2x - 3 dan g(x) = x², maka (g ∘ f)(2) = ..."",""1"",""4"",""9"",""16"",""25"",A,""f(2) = 2(2)-3 = 1. g(1) = 1² = 1."",medium"
"PM,Set 4,""Keliling persegi dengan luas 64 cm² adalah..."",""16 cm"",""24 cm"",""32 cm"",""40 cm"",""48 cm"",C,""L=s², 64=s², s=8. K=4s=4×8=32 cm."",easy"
"PM,Set 4,""Median dari data 3, 5, 7, 9, 11 adalah..."",""5"",""7"",""9"",""11"",""6"",B,""Median adalah nilai tengah: 7."",easy"
"PM,Set 4,""Jika tan x = 1 dan 0° < x < 90°, maka x = ..."",""30°"",""45°"",""60°"",""75°"",""90°"",B,""tan 45° = 1."",medium"
"PM,Set 4,""Lim (x→3) (x² - 9)/(x - 3) = ..."",""3"",""6"",""9"",""0"",""Tidak ada"",B,""Faktorkan: (x-3)(x+3)/(x-3) = x+3. Substitusi x=3: 6."",medium"
"PM,Set 4,""Volume bola dengan jari-jari 3 cm adalah... (π=22/7)"",""113 cm³"",""226 cm³"",""339 cm³"",""452 cm³"",""565 cm³"",A,""V = 4/3πr³ = 4/3 × 22/7 × 27 ≈ 113 cm³."",medium"
"PM,Set 4,""Jika 2 log 8 = n, maka n = ..."",""2"",""3"",""4"",""5"",""6"",B,""2ⁿ = 8 = 2³, maka n = 3."",easy"
"PM,Set 4,""Dua buah dadu dilempar. Peluang muncul jumlah mata dadu 7 adalah..."",""1/6"",""1/12"",""5/36"",""7/36"",""1/36"",A,""Kombinasi jumlah 7: (1,6)(2,5)(3,4)(4,3)(5,2)(6,1) = 6 dari 36. P = 6/36 = 1/6."",medium"
"PM,Set 5,""Turunan kedua dari f(x) = x⁴ - 2x³ adalah..."",""12x² - 12x"",""4x³ - 6x²"",""12x - 12"",""12x² - 6x"",""24x - 12"",A,""f'(x) = 4x³-6x². f''(x) = 12x²-12x."",hard"
"PM,Set 5,""Luas trapesium dengan sisi sejajar 8 cm dan 12 cm serta tinggi 5 cm adalah..."",""40 cm²"",""50 cm²"",""60 cm²"",""70 cm²"",""80 cm²"",B,""L = 1/2(a+b)×t = 1/2(8+12)×5 = 50 cm²."",easy"
"PM,Set 5,""Jika matriks A = [[2,3],[1,4]], maka determinan A adalah..."",""5"",""8"",""11"",""1"",""2"",A,""det A = (2×4)-(3×1) = 8-3 = 5."",medium"
"PM,Set 5,""Nilai x yang memenuhi |2x - 4| = 6 adalah..."",""5 atau -1"",""5 atau 1"",""-5 atau 1"",""-5 atau -1"",""5 atau -5"",A,""|2x-4|=6 → 2x-4=6 atau 2x-4=-6. x=5 atau x=-1."",hard"
"PM,Set 5,""Suku tengah dari (a + b)⁴ adalah..."",""6a²b²"",""4a²b²"",""a²b²"",""12a²b²"",""8a²b²"",A,""Binomial (a+b)⁴: C(4,2)a²b² = 6a²b²."",hard"
"PM,Set 5,""Jarak titik A(1,2) ke B(4,6) adalah..."",""3"",""4"",""5"",""6"",""7"",C,""d = √[(4-1)²+(6-2)²] = √(9+16) = √25 = 5."",medium"
"PM,Set 5,""Integral ∫cos x dx = ..."",""sin x + C"",""-sin x + C"",""cos x + C"",""-cos x + C"",""tan x + C"",A,""∫cos x dx = sin x + C."",easy"
"PM,Set 5,""Jika f⁻¹(x) adalah invers dari f(x) = 2x + 3, maka f⁻¹(x) = ..."",""(x-3)/2"",""(x+3)/2"",""2x-3"",""2x+3"",""x/2-3"",A,""y=2x+3, x=(y-3)/2. f⁻¹(x)=(x-3)/2."",medium"
"PM,Set 5,""Nilai dari 4! × 2! adalah..."",""48"",""24"",""12"",""96"",""192"",A,""4! = 24, 2! = 2. 24×2 = 48."",easy"
"PM,Set 5,""Akar-akar persamaan 2x² - 8x + 6 = 0 adalah..."",""1 dan 3"",""2 dan 3"",""1 dan 2"",""-1 dan -3"",""2 dan 4"",A,""2x²-8x+6=0 → x²-4x+3=0 → (x-1)(x-3)=0."",medium"
"LBI,Set 3,""Kata yang mengalami penyempitan makna adalah..."",""Sarjana (dulunya semua cendekiawan, sekarang gelar S1)"",""Ibu (dari orang tua→panggilan sopan)"",""Kepala (dari bagian tubuh→pemimpin)"",""Bapak (dari ayah→panggilan sopan)"",""Tangan (dari anggota badan→pekerja)"",A,""Penyempitan makna: kata 'sarjana' yang dulunya berarti semua cendekiawan, sekarang hanya gelar S1."",hard"
"LBI,Set 3,""Kalimat yang menggunakan majas personifikasi adalah..."",""Angin berbisik di telinga"",""Wajahnya putih seperti kapas"",""Hatiku hancur berkeping-keping"",""Dia lari secepat kilat"",""Matanya bak bintang di langit"",A,""Personifikasi: angin diberi sifat manusia (berbisik)."",medium"
"LBI,Set 3,""Ejaan yang benar untuk bilangan dalam kalimat adalah..."",""Saya punya 3 buku"",""Saya punya tiga buku"",""Saya punya III buku"",""Saya punya tiga (3) buku"",""Saya punya 3 (tiga) buku"",B,""Bilangan dalam teks ditulis dengan huruf: tiga buku, bukan 3 buku."",medium"
"LBI,Set 3,""Kata depan yang tepat untuk melengkapi kalimat 'Dia pergi ... Jakarta' adalah..."",""dari"",""ke"",""di"",""pada"",""untuk"",B,""Kata depan untuk tujuan adalah 'ke': pergi ke Jakarta."",easy"
"LBI,Set 3,""Kalimat yang mengandung pleonasme adalah..."",""Naik ke atas"",""Naik tangga"",""Pergi ke pasar"",""Datang terlambat"",""Pulang ke rumah"",A,""Pleonasme (pemborosan kata): 'naik' sudah berarti ke atas, 'naik ke atas' berlebihan."",medium"
"LBI,Set 3,""Makna kata 'buah tangan' dalam kalimat 'Dia membawa buah tangan dari Bali' adalah..."",""Buah-buahan"",""Oleh-oleh"",""Hadiah"",""Barang bawaan"",""Souvenir"",B,""Buah tangan = oleh-oleh atau cendera mata."",easy"
"LBI,Set 3,""Konjungsi yang menyatakan pertentangan adalah..."",""Tetapi"",""Karena"",""Sehingga"",""Ketika"",""Agar"",A,""Konjungsi pertentangan: tetapi, namun, namun demikian."",easy"
"LBI,Set 3,""Kata baku dari 'praktek' adalah..."",""Praktik"",""Praktek"",""Praktiek"",""Practik"",""Praktis"",A,""Kata baku: praktik (tanpa e)."",easy"
"LBI,Set 3,""Imbuhan yang bermakna 'menjadikan' adalah..."",""Me-kan"",""Me-i"",""Ber-"",""Ter-"",""Per-"",A,""Imbuhan me-kan bermakna 'menjadikan': mematikan, menghitamkan."",medium"
"LBI,Set 3,""Kalimat yang menggunakan kata kerja mental adalah..."",""Dia berpikir keras"",""Dia berlari cepat"",""Dia menulis surat"",""Dia membaca buku"",""Dia memasak nasi"",A,""Kata kerja mental: berpikir, merasa, mengetahui (terjadi dalam pikiran)."",medium"
"LBI,Set 4,""Antonim kata 'konkret' adalah..."",""Abstrak"",""Nyata"",""Jelas"",""Pasti"",""Tegas"",A,""Antonim konkret (nyata) adalah abstrak (tidak nyata)."",easy"
"LBI,Set 4,""Sinonim kata 'eliminasi' adalah..."",""Penghapusan"",""Penambahan"",""Perubahan"",""Penggantian"",""Penyisihan"",A,""Eliminasi = penghapusan atau penyingkiran."",medium"
"LBI,Set 4,""Kalimat majemuk bertingkat ditandai dengan..."",""Konjungsi subordinatif (karena, sehingga, jika)"",""Konjungsi koordinatif (dan, atau, tetapi)"",""Tidak ada konjungsi"",""Tanda koma"",""Tanda titik koma"",A,""Kalimat majemuk bertingkat menggunakan konjungsi subordinatif."",medium"
"LBI,Set 4,""Penulisan gelar yang benar adalah..."",""Dr. Budi, M.Si"",""Dr Budi M.Si"",""DR. Budi, MSi"",""Dr. Budi M.Si."",""dr. Budi, M.Si"",A,""Gelar: huruf kapital, titik, koma pemisah: Dr. Budi, M.Si."",medium"
"LBI,Set 4,""Kata yang berasal dari bahasa Arab adalah..."",""Sekolah"",""Kursi"",""Waktu"",""Meja"",""Buku"",C,""'Waktu' dari bahasa Arab 'waqt'."",hard"
"LBI,Set 4,""Makna kata 'kepala batu' adalah..."",""Keras kepala"",""Sakit kepala"",""Kepala besar"",""Pintar"",""Bodoh"",A,""Idiom 'kepala batu' = keras kepala atau tidak mau mendengar."",easy"
"LBI,Set 4,""Kata yang salah penulisannya adalah..."",""Sistim"",""Sistem"",""Sistematik"",""Sistematis"",""Sistematika"",A,""Penulisan yang benar: sistem (bukan sistim)."",easy"
"LBI,Set 4,""Imbuhan pe-an yang bermakna 'tempat' terdapat pada kata..."",""Perumahan"",""Pekerjaan"",""Pemanasan"",""Pembacaan"",""Pemikiran"",A,""Pe-an bermakna tempat: perumahan, perikanan, perhentian."",medium"
"LBI,Set 4,""Kalimat yang menggunakan kata serapan adalah..."",""Dia menggunakan komputer"",""Dia makan nasi"",""Dia pergi ke pasar"",""Dia tidur siang"",""Dia minum air"",A,""'Komputer' adalah kata serapan dari bahasa Inggris 'computer'."",easy"
"LBI,Set 4,""Majas yang menyatakan hal yang berlebihan adalah..."",""Hiperbola"",""Metafora"",""Personifikasi"",""Simile"",""Ironi"",A,""Hiperbola: majas yang melebih-lebihkan."",easy"
"LBI,Set 5,""Kata yang mengalami ameliorasi (peningkatan makna) adalah..."",""Wanita (dulu: perempuan biasa→sekarang: lebih sopan)"",""Istri (dulu netral→sekarang lebih formal)"",""Perempuan"",""Laki-laki"",""Pria"",A,""Ameliorasi: peningkatan rasa nilai kata. 'Wanita' lebih halus dari 'perempuan'."",hard"
"LBI,Set 5,""Penulisan kata ulang yang benar adalah..."",""Buku-buku"",""Buku buku"",""Buku2"",""Buku-Buku"",""BUKU-BUKU"",A,""Kata ulang ditulis dengan tanda hubung: buku-buku."",easy"
"LBI,Set 5,""Kalimat aktif transitif adalah..."",""Dia membaca buku"",""Dia tidur nyenyak"",""Dia pergi ke sekolah"",""Dia tersenyum bahagia"",""Dia sedih sekali"",A,""Aktif transitif: ada objek. 'Membaca buku' (buku=objek)."",medium"
"LBI,Set 5,""Ragam bahasa yang digunakan dalam surat resmi adalah..."",""Ragam baku"",""Ragam santai"",""Ragam gaul"",""Ragam daerah"",""Ragam asing"",A,""Surat resmi menggunakan ragam bahasa baku."",easy"
"LBI,Set 5,""Kata ganti orang ketiga jamak adalah..."",""Mereka"",""Kami"",""Kita"",""Kamu"",""Kalian"",A,""Kata ganti orang ketiga jamak: mereka, beliau (jamak)."",easy"
"LBI,Set 5,""Kata yang menggunakan prefiks yang salah adalah..."",""Mempunyai"",""Memfitnah"",""Mensukseskan"",""Mentraktir"",""Menyapu"",C,""'Mensukseskan' seharusnya 'menyukseskan' (me-+sukseskan→meny-)."",hard"
"LBI,Set 5,""Tanda baca yang digunakan untuk mengakhiri kalimat tanya adalah..."",""?"",""!"",""."","":"","";"",A,""Kalimat tanya diakhiri tanda tanya (?)."",easy"
"LBI,Set 5,""Kata yang memiliki homonim adalah..."",""Bulan (benda langit / periode waktu)"",""Buku"",""Meja"",""Kursi"",""Pintu"",A,""Homonim: kata sama, makna berbeda. 'Bulan' = satelit / 1/12 tahun."",medium"
"LBI,Set 5,""Kata depan yang salah dalam kalimat 'Mereka berada pada rumah' adalah..."",""pada"",""di"",""ke"",""dari"",""untuk"",A,""Yang benar: 'di rumah', bukan 'pada rumah'."",medium"
"LBI,Set 5,""Ungkapan yang bermakna 'sangat miskin' adalah..."",""Melarat"",""Kaya raya"",""Susah payah"",""Keras kepala"",""Ringan tangan"",A,""Melarat = sangat miskin."",easy"
"LBE,Set 3,""The past tense of 'buy' is..."",""Buyed"",""Bought"",""Buys"",""Buying"",""Has bought"",B,""Irregular verb: buy-bought-bought."",easy"
"LBE,Set 3,""I have been living here ... 2010."",""since"",""for"",""in"",""on"",""at"",A,""'Since' digunakan untuk titik waktu tertentu (2010)."",medium"
"LBE,Set 3,""The synonym of 'intelligent' is..."",""Smart"",""Stupid"",""Lazy"",""Slow"",""Dull"",A,""Intelligent = smart (pintar)."",easy"
"LBE,Set 3,""She ... to the market yesterday."",""go"",""goes"",""went"",""gone"",""going"",C,""Past tense: went."",easy"
"LBE,Set 3,""The movie was ... interesting that I watched it twice."",""so"",""very"",""too"",""such"",""much"",A,""So ... that (sangat ... sehingga)."",medium"
"LBE,Set 3,""Which is correct?"",""He can speaks English"",""He can speak English"",""He can speaking English"",""He can spoke English"",""He can to speak English"",B,""Modal + verb 1: can speak."",easy"
"LBE,Set 3,""The antonym of 'difficult' is..."",""Hard"",""Easy"",""Simple"",""Complex"",""Tough"",B,""Antonim difficult (sulit) adalah easy (mudah)."",easy"
"LBE,Set 3,""I wish I ... taller."",""am"",""is"",""was"",""were"",""be"",D,""Wish + past tense (were untuk semua subjek dalam wish)."",hard"
"LBE,Set 3,""The book ... by millions of people."",""read"",""reads"",""is read"",""was read"",""has read"",C,""Passive voice present: is read."",medium"
"LBE,Set 3,""He is good ... playing basketball."",""at"",""in"",""on"",""for"",""to"",A,""Good at = pandai dalam."",easy"
"LBE,Set 4,""I would rather ... at home than go out."",""stay"",""stays"",""staying"",""to stay"",""stayed"",A,""Would rather + verb 1."",medium"
"LBE,Set 4,""The correct plural form of 'child' is..."",""Childs"",""Children"",""Childes"",""Childrens"",""Child"",B,""Irregular plural: children."",easy"
"LBE,Set 4,""He has ... finished his homework."",""yet"",""already"",""still"",""never"",""ever"",B,""Already = sudah (untuk positive sentence)."",medium"
"LBE,Set 4,""If I had known, I ... you."",""will tell"",""would tell"",""would have told"",""tell"",""told"",C,""Conditional type 3: would have + V3."",hard"
"LBE,Set 4,""She is ... than her sister."",""beautiful"",""more beautiful"",""most beautiful"",""beautifuler"",""the most beautiful"",B,""Comparative: more beautiful than."",easy"
"LBE,Set 4,""The meeting will be held ... Monday."",""in"",""on"",""at"",""for"",""to"",B,""Hari: on Monday."",easy"
"LBE,Set 4,""Neither Tom ... Jerry likes pizza."",""or"",""and"",""nor"",""but"",""so"",C,""Neither ... nor."",easy"
"LBE,Set 4,""He denied ... the money."",""steal"",""steals"",""stealing"",""to steal"",""stole"",C,""Deny + V-ing."",medium"
"LBE,Set 4,""The opposite of 'brave' is..."",""Courageous"",""Fearless"",""Coward"",""Strong"",""Bold"",C,""Antonim brave (berani) adalah coward (penakut)."",easy"
"LBE,Set 4,""This is the house ... I was born."",""which"",""where"",""when"",""who"",""that"",B,""Where untuk tempat."",medium"
"LBE,Set 5,""By the time you arrive, I ... dinner."",""finish"",""finished"",""will finish"",""will have finished"",""am finishing"",D,""Future perfect: will have + V3."",hard"
"LBE,Set 5,""She suggested ... a movie."",""watch"",""watches"",""watching"",""to watch"",""watched"",C,""Suggest + V-ing."",medium"
"LBE,Set 5,""The word 'gregarious' means..."",""Shy"",""Sociable"",""Quiet"",""Lonely"",""Reserved"",B,""Gregarious = suka bergaul (sociable)."",hard"
"LBE,Set 5,""He is used to ... early."",""wake"",""wakes"",""waking"",""woke"",""woken"",C,""Be used to + V-ing (terbiasa)."",medium"
"LBE,Set 5,""The company ... a new product next month."",""launch"",""launches"",""will launch"",""launched"",""has launched"",C,""Future: will launch."",easy"
"LBE,Set 5,""Which sentence is correct?"",""I have been to Bali twice"",""I have gone to Bali twice"",""I went to Bali twice"",""I go to Bali twice"",""I am going to Bali twice"",A,""Have been (pernah pergi dan sudah kembali)."",medium"
"LBE,Set 5,""The antonym of 'ancient' is..."",""Old"",""Modern"",""Historic"",""Antique"",""Traditional"",B,""Antonim ancient (kuno) adalah modern."",easy"
"LBE,Set 5,""He was accused ... stealing."",""of"",""for"",""in"",""at"",""to"",A,""Accused of = dituduh melakukan."",medium"
"LBE,Set 5,""The news ... shocking."",""is"",""are"",""was"",""were"",""be"",A,""News selalu singular: is/was."",medium"
"LBE,Set 5,""I look forward to ... you."",""see"",""seeing"",""saw"",""seen"",""sees"",B,""Look forward to + V-ing."",medium"
"PK,Set 3,""Jika x:y = 3:4 dan y:z = 2:5, maka x:z adalah..."",""3:10"",""6:20"",""3:5"",""6:5"",""5:6"",A,""x:y = 3:4, y:z = 2:5. Samakan y: x:y:z = 6:8:20, jadi x:z = 6:20 = 3:10."",hard"
"PK,Set 3,""Diskon 30% dari harga Rp 200.000 adalah..."",""Rp 60.000"",""Rp 70.000"",""Rp 140.000"",""Rp 130.000"",""Rp 170.000"",A,""30% × 200.000 = 60.000."",easy"
"PK,Set 3,""Jika 5 pekerja menyelesaikan pekerjaan dalam 12 hari, berapa hari diperlukan 3 pekerja?"",""15 hari"",""18 hari"",""20 hari"",""24 hari"",""30 hari"",C,""Perbandingan berbalik: 5×12 = 3×x, x = 20 hari."",medium"
"PK,Set 3,""Luas segitiga dengan alas 10 cm dan tinggi 6 cm adalah..."",""30 cm²"",""60 cm²"",""15 cm²"",""20 cm²"",""25 cm²"",A,""L = 1/2 × 10 × 6 = 30 cm²."",easy"
"PK,Set 3,""Jika 2ˣ = 16, maka x = ..."",""2"",""3"",""4"",""5"",""6"",C,""2ˣ = 16 = 2⁴, maka x = 4."",easy"
"PK,Set 3,""Rata-rata dari 6, 8, 10, 12 adalah..."",""8"",""9"",""10"",""11"",""12"",B,""(6+8+10+12)/4 = 36/4 = 9."",easy"
"PK,Set 3,""Keliling persegi dengan sisi 7 cm adalah..."",""14 cm"",""21 cm"",""28 cm"",""35 cm"",""49 cm²"",C,""K = 4s = 4×7 = 28 cm."",easy"
"PK,Set 3,""Jika harga naik 25% menjadi Rp 150.000, harga awal adalah..."",""Rp 100.000"",""Rp 110.000"",""Rp 120.000"",""Rp 125.000"",""Rp 130.000"",C,""150.000 = 125% dari x, x = 150.000/1.25 = 120.000."",medium"
"PK,Set 3,""Modus dari data 5, 7, 5, 8, 5, 9 adalah..."",""5"",""7"",""8"",""9"",""Tidak ada"",A,""Modus = nilai yang paling sering muncul: 5 (muncul 3x)."",easy"
"PK,Set 3,""Volume kubus dengan panjang rusuk 4 cm adalah..."",""16 cm³"",""64 cm³"",""48 cm³"",""32 cm³"",""24 cm³"",B,""V = s³ = 4³ = 64 cm³."",easy"
"PK,Set 4,""Jika a+b = 10 dan ab = 21, maka a² + b² = ..."",""58"",""79"",""100"",""121"",""142"",A,""a²+b² = (a+b)² - 2ab = 100 - 42 = 58."",hard"
"PK,Set 4,""Sebuah kotak berisi 4 bola merah dan 6 bola biru. Peluang terambil bola merah adalah..."",""2/5"",""3/5"",""1/2"",""2/3"",""3/10"",A,""P = 4/10 = 2/5."",medium"
"PK,Set 4,""Jarak yang ditempuh mobil dengan kecepatan 60 km/jam selama 2.5 jam adalah..."",""120 km"",""130 km"",""140 km"",""150 km"",""160 km"",D,""Jarak = kecepatan × waktu = 60 × 2.5 = 150 km."",easy"
"PK,Set 4,""Luas permukaan kubus dengan rusuk 5 cm adalah..."",""100 cm²"",""125 cm²"",""150 cm²"",""175 cm²"",""200 cm²"",C,""Luas = 6s² = 6×25 = 150 cm²."",medium"
"PK,Set 4,""Jika 3x + 2y = 12 dan x = 2, maka y = ..."",""1"",""2"",""3"",""4"",""5"",C,""3(2) + 2y = 12, 6 + 2y = 12, 2y = 6, y = 3."",easy"
"PK,Set 4,""Besar sudut pada segitiga sama sisi adalah..."",""30°"",""45°"",""60°"",""90°"",""120°"",C,""Segitiga sama sisi: semua sudut 60°."",easy"
"PK,Set 4,""Jika x = 5, maka nilai 2x² - 3x + 1 adalah..."",""36"",""41"",""46"",""51"",""56"",B,""2(25) - 15 + 1 = 50 - 15 + 1 = 36... tunggu, 2(25)=50, 50-15=35, 35+1=36. Tapi pilihan A=36... hmm saya hitung ulang: 2(5²) - 3(5) + 1 = 2(25) - 15 + 1 = 50-15+1 = 36. Jawaban A."",A,""2(25) - 15 + 1 = 36."",easy"
"PK,Set 4,""Faktor dari 24 yang merupakan bilangan prima adalah..."",""2, 3"",""2, 3, 4"",""1, 2, 3"",""4, 6, 8"",""2, 4, 6"",A,""Faktor prima dari 24: 2 dan 3."",medium"
"PK,Set 4,""Median dari 3, 7, 5, 9, 11 adalah..."",""5"",""7"",""9"",""11"",""8"",B,""Urutkan: 3,5,7,9,11. Median = 7."",easy"
"PK,Set 4,""Harga 5 buku Rp 50.000. Harga 8 buku adalah..."",""Rp 70.000"",""Rp 75.000"",""Rp 80.000"",""Rp 85.000"",""Rp 90.000"",C,""Harga 1 buku = 10.000. 8 buku = 80.000."",easy"
"PK,Set 5,""Jika log a = 2 dan log b = 3, maka log (ab) = ..."",""5"",""6"",""1"",""2"",""3"",A,""log(ab) = log a + log b = 2 + 3 = 5."",medium"
"PK,Set 5,""Luas juring lingkaran dengan jari-jari 7 cm dan sudut pusat 60° adalah... (π=22/7)"",""25.67 cm²"",""77/3 cm²"",""154/3 cm²"",""22 cm²"",""44 cm²"",B,""Luas juring = (θ/360) × πr² = (60/360) × 22/7 × 49 = 1/6 × 154 = 77/3 cm²."",hard"
"PK,Set 5,""Jika f(x) = 3x - 2, maka f⁻¹(4) = ..."",""2"",""3"",""4"",""5"",""6"",A,""y = 3x-2, x = (y+2)/3. f⁻¹(4) = (4+2)/3 = 2."",medium"
"PK,Set 5,""Dua dadu dilempar. Peluang jumlah mata dadu 10 adalah..."",""1/12"",""1/9"",""1/6"",""2/9"",""1/18"",A,""Kombinasi jumlah 10: (4,6)(5,5)(6,4) = 3 dari 36. P = 3/36 = 1/12."",medium"
"PK,Set 5,""Akar dari persamaan x² - 7x + 12 = 0 adalah..."",""3 dan 4"",""2 dan 6"",""1 dan 12"",""-3 dan -4"",""2 dan 5"",A,""Faktorkan: (x-3)(x-4)=0."",medium"
"PK,Set 5,""Jika tan A = 4/3, maka sin A = ... (A di kuadran I)"",""3/5"",""4/5"",""3/4"",""4/3"",""5/3"",B,""tan = 4/3, maka depan=4, samping=3. Miring=√(16+9)=5. sin=4/5."",hard"
"PK,Set 5,""Nilai dari 3! + 4! - 2! adalah..."",""26"",""28"",""30"",""32"",""34"",B,""3!=6, 4!=24, 2!=2. 6+24-2=28."",easy"
"PK,Set 5,""Skala 1:500.000 berarti 1 cm pada peta mewakili ... km"",""5 km"",""50 km"",""0.5 km"",""500 km"",""5000 km"",A,""500.000 cm = 5 km."",easy"
"PK,Set 5,""Luas lingkaran dengan keliling 44 cm adalah... (π=22/7)"",""154 cm²"",""308 cm²"",""616 cm²"",""77 cm²"",""44 cm²"",A,""K=2πr=44, r=7. L=πr²=22/7×49=154 cm²."",medium"
"PK,Set 5,""Jika x/y = 2/3 dan x+y = 15, maka x = ..."",""6"",""9"",""12"",""5"",""10"",A,""x=2k, y=3k. 2k+3k=15, 5k=15, k=3. x=6."",medium"
"PPU,Set 3,""UUD 1945 pertama kali diamandemen pada tahun..."",""1998"",""1999"",""2000"",""2001"",""2002"",B,""Amandemen pertama UUD 1945 pada tahun 1999."",medium"
"PPU,Set 3,""Lembaga yudikatif tertinggi di Indonesia adalah..."",""DPR"",""MPR"",""MK"",""MA"",""KPK"",D,""MA (Mahkamah Agung) adalah lembaga yudikatif tertinggi."",medium"
"PPU,Set 3,""Negara dengan jumlah penduduk terbesar di dunia adalah..."",""Indonesia"",""India"",""China"",""Amerika Serikat"",""Brasil"",C,""China memiliki populasi terbesar (meski India akan segera menyusul/sudah menyusul)."",easy"
"PPU,Set 3,""Mata uang negara Jepang adalah..."",""Rupiah"",""Yen"",""Yuan"",""Won"",""Ringgit"",B,""Mata uang Jepang: Yen."",easy"
"PPU,Set 3,""PBB didirikan pada tahun..."",""1942"",""1945"",""1948"",""1950"",""1955"",B,""PBB (United Nations) didirikan 24 Oktober 1945."",medium"
"PPU,Set 3,""Pahlawan yang dijuluki 'Bapak Koperasi Indonesia' adalah..."",""Soekarno"",""Mohammad Hatta"",""Ki Hajar Dewantara"",""Sutomo"",""Diponegoro"",B,""Mohammad Hatta dijuluki Bapak Koperasi Indonesia."",medium"
"PPU,Set 3,""Ibukota Australia adalah..."",""Sydney"",""Melbourne"",""Canberra"",""Perth"",""Brisbane"",C,""Ibukota Australia: Canberra (bukan Sydney)."",medium"
"PPU,Set 3,""Laut terluas di dunia adalah..."",""Laut Mediterania"",""Laut Karibia"",""Laut Arab"",""Laut Pasifik"",""Laut Atlantik"",D,""Samudra Pasifik adalah yang terluas."",easy"
"PPU,Set 3,""Benua terkecil di dunia adalah..."",""Asia"",""Afrika"",""Australia"",""Eropa"",""Antartika"",C,""Benua terkecil: Australia."",easy"
"PPU,Set 3,""Organisasi negara-negara Islam adalah..."",""ASEAN"",""OKI"",""PBB"",""NATO"",""APEC"",B,""OKI (Organisasi Kerjasama Islam)."",medium"
"PPU,Set 4,""Sila ke-4 Pancasila berbunyi..."",""Ketuhanan Yang Maha Esa"",""Kemanusiaan yang Adil dan Beradab"",""Persatuan Indonesia"",""Kerakyatan yang Dipimpin oleh Hikmat Kebijaksanaan dalam Permusyawaratan/Perwakilan"",""Keadilan Sosial bagi Seluruh Rakyat Indonesia"",D,""Sila ke-4 tentang demokrasi dan musyawarah."",easy"
"PPU,Set 4,""Proklamasi kemerdekaan Indonesia dibacakan pada tanggal..."",""16 Agustus 1945"",""17 Agustus 1945"",""18 Agustus 1945"",""19 Agustus 1945"",""20 Agustus 1945"",B,""Proklamasi: 17 Agustus 1945."",easy"
"PPU,Set 4,""Presiden Indonesia yang menjabat paling lama adalah..."",""Soekarno"",""Soeharto"",""BJ Habibie"",""Megawati"",""SBY"",B,""Soeharto (1967-1998, 31 tahun)."",easy"
"PPU,Set 4,""Negara yang tidak berbatasan dengan Indonesia adalah..."",""Malaysia"",""Singapura"",""Thailand"",""Papua Nugini"",""Timor Leste"",C,""Thailand tidak berbatasan langsung dengan Indonesia."",medium"
"PPU,Set 4,""Piramida makanan memiliki produsen di tingkat..."",""Puncak"",""Tengah"",""Dasar"",""Samping"",""Tidak ada"",C,""Produsen (tumbuhan) di dasar piramida."",easy"
"PPU,Set 4,""Burung Garuda Pancasila memiliki ... bulu di sayap"",""17"",""8"",""19"",""45"",""5"",A,""Garuda: 17 bulu di sayap (17 Agustus)."",medium"
"PPU,Set 4,""Ibu kota Provinsi Jawa Barat adalah..."",""Jakarta"",""Bandung"",""Bogor"",""Cirebon"",""Bekasi"",B,""Ibukota Jabar: Bandung."",easy"
"PPU,Set 4,""Danau terbesar di Indonesia adalah..."",""Danau Toba"",""Danau Singkarak"",""Danau Maninjau"",""Danau Poso"",""Danau Sentani"",A,""Danau terbesar: Danau Toba (Sumatera Utara)."",easy"
"PPU,Set 4,""Perang Dunia II berakhir pada tahun..."",""1943"",""1944"",""1945"",""1946"",""1947"",C,""Perang Dunia II berakhir 1945."",easy"
"PPU,Set 4,""Buku 'Habis Gelap Terbitlah Terang' ditulis oleh..."",""Kartini"",""Cut Nyak Dien"",""Dewi Sartika"",""Christina Martha Tiahahu"",""Rohana Kudus"",A,""R.A. Kartini menulis 'Habis Gelap Terbitlah Terang'."",medium"
"PPU,Set 5,""Lambang palu dan padi pada Garuda Pancasila melambangkan sila ke-..."",""1"",""2"",""3"",""4"",""5"",E,""Palu dan padi melambangkan sila ke-5 (Keadilan Sosial)."",medium"
"PPU,Set 5,""Konferensi Asia-Afrika diadakan di kota..."",""Jakarta"",""Bandung"",""Yogyakarta"",""Surabaya"",""Semarang"",B,""KAA diadakan di Bandung tahun 1955."",medium"
"PPU,Set 5,""Negara yang tidak termasuk pendiri ASEAN adalah..."",""Indonesia"",""Malaysia"",""Brunei Darussalam"",""Thailand"",""Filipina"",C,""Brunei bergabung 1984, bukan pendiri."",medium"
"PPU,Set 5,""Hari Pendidikan Nasional diperingati setiap tanggal..."",""2 Mei"",""17 Agustus"",""20 Mei"",""1 Juni"",""28 Oktober"",A,""Hardiknas: 2 Mei (hari lahir Ki Hajar Dewantara)."",medium"
"PPU,Set 5,""Presiden yang mencanangkan Gerakan Non-Blok adalah..."",""Soekarno"",""Soeharto"",""BJ Habibie"",""Megawati"",""SBY"",A,""Soekarno salah satu pendiri Gerakan Non-Blok."",medium"
"PPU,Set 5,""Gunung tertinggi di Indonesia adalah..."",""Gunung Semeru"",""Gunung Rinjani"",""Gunung Kerinci"",""Puncak Jaya"",""Gunung Merapi"",D,""Gunung tertinggi: Puncak Jaya (Papua, 4.884 mdpl)."",medium"
"PPU,Set 5,""Negara yang bukan anggota G20 adalah..."",""Indonesia"",""Singapura"",""India"",""Brasil"",""Argentina"",B,""Singapura bukan anggota G20."",hard"
"PPU,Set 5,""Pahlawan yang dikenal dengan sebutan 'Ayam Jantan dari Timur' adalah..."",""Pangeran Diponegoro"",""Pattimura"",""WR Supratman"",""I Gusti Ngurah Rai"",""Teuku Umar"",A,""Pangeran Diponegoro dijuluki 'Ayam Jantan dari Timur'."",medium"
"PPU,Set 5,""Piagam PBB ditandatangani di kota..."",""New York"",""Geneva"",""San Francisco"",""Paris"",""London"",C,""Piagam PBB ditandatangani di San Francisco 1945."",hard"
"PPU,Set 5,""Sistem pemerintahan Indonesia adalah..."",""Presidensial"",""Parlementer"",""Monarki"",""Federal"",""Komunis"",A,""Indonesia menganut sistem presidensial."",easy"
"PBM,Set 3,""Struktur teks eksposisi yang benar adalah..."",""Tesis-Argumen-Penegasan ulang"",""Orientasi-Komplikasi-Resolusi"",""Pernyataan umum-Deskripsi bagian"",""Tujuan-Langkah-langkah"",""Abstrak-Orientasi-Krisis"",A,""Teks eksposisi: Tesis→Argumen→Penegasan ulang."",medium"
"PBM,Set 3,""Ciri kebahasaan teks laporan hasil observasi adalah..."",""Menggunakan kata teknis"",""Menggunakan kata perintah"",""Menggunakan kata ajakan"",""Menggunakan kata emosional"",""Menggunakan kata kiasan"",A,""Laporan observasi menggunakan istilah teknis/ilmiah."",medium"
"PBM,Set 3,""Konjungsi kausalitas adalah..."",""Karena, sebab, oleh karena itu"",""Kemudian, lalu, setelah itu"",""Dan, serta, dengan"",""Tetapi, namun, akan tetapi"",""Jika, apabila, seandainya"",A,""Konjungsi kausalitas menunjukkan sebab-akibat."",easy"
"PBM,Set 3,""Unsur intrinsik novel yang paling dominan adalah..."",""Tema"",""Alur"",""Tokoh"",""Latar"",""Amanat"",B,""Alur (plot) adalah tulang punggung cerita."",medium"
"PBM,Set 3,""Kata penghubung antar paragraf disebut..."",""Konjungsi"",""Kohesi"",""Koherensi"",""Transisi"",""Referensi"",D,""Kata transisi menghubungkan antar paragraf."",medium"
"PBM,Set 3,""Jenis puisi lama yang bersajak a-b-a-b adalah..."",""Pantun"",""Syair"",""Gurindam"",""Talibun"",""Seloka"",A,""Pantun bersajak a-b-a-b dengan 4 baris."",easy"
"PBM,Set 3,""Teks yang berisi ajakan atau bujukan adalah..."",""Persuasi"",""Narasi"",""Deskripsi"",""Eksposisi"",""Argumentasi"",A,""Teks persuasi mengajak/membujuk pembaca."",easy"
"PBM,Set 3,""Sudut pandang 'aku' dalam cerita disebut..."",""Orang pertama"",""Orang kedua"",""Orang ketiga"",""Serba tahu"",""Pengamat"",A,""Sudut pandang orang pertama: aku."",easy"
"PBM,Set 3,""Majas yang menyamakan dengan kata 'seperti' adalah..."",""Simile"",""Metafora"",""Personifikasi"",""Hiperbola"",""Alegori"",A,""Simile menggunakan 'seperti', 'bagaikan', 'laksana'."",easy"
"PBM,Set 3,""Bagian penutup dalam teks pidato berisi..."",""Salam pembuka"",""Isi pidato"",""Kesimpulan dan salam penutup"",""Pengenalan topik"",""Argumentasi"",C,""Penutup: kesimpulan + salam penutup."",easy"
"PBM,Set 4,""Teks yang menceritakan urutan peristiwa adalah..."",""Narasi"",""Deskripsi"",""Eksposisi"",""Persuasi"",""Argumentasi"",A,""Teks narasi menceritakan urutan kejadian."",easy"
"PBM,Set 4,""Unsur ekstrinsik karya sastra adalah..."",""Nilai moral"",""Tema"",""Alur"",""Tokoh"",""Latar"",A,""Unsur ekstrinsik: nilai, latar belakang pengarang, dll."",medium"
"PBM,Set 4,""Kalimat yang menggunakan kata kerja imperatif adalah..."",""Bukalah bukumu!"",""Dia membuka buku"",""Buku itu terbuka"",""Pembukaan buku"",""Buku dibuka"",A,""Kalimat imperatif adalah kalimat perintah."",easy"
"PBM,Set 4,""Ide pokok paragraf deduktif terletak di..."",""Awal paragraf"",""Akhir paragraf"",""Tengah paragraf"",""Awal dan akhir"",""Tersebar"",A,""Paragraf deduktif: ide pokok di awal."",medium"
"PBM,Set 4,""Puisi yang terdiri dari 14 baris disebut..."",""Soneta"",""Balada"",""Elegi"",""Ode"",""Romance"",A,""Soneta: puisi 14 baris."",medium"
"PBM,Set 4,""Kata ulang yang bermakna 'sangat' adalah..."",""Besar-besar"",""Pagi-pagi"",""Mondar-mandir"",""Bolak-balik"",""Kuat-kuat"",B,""'Pagi-pagi' = sangat pagi."",medium"
"PBM,Set 4,""Teks yang menjelaskan proses terjadinya sesuatu adalah..."",""Eksplanasi"",""Deskripsi"",""Narasi"",""Persuasi"",""Eksposisi"",A,""Teks eksplanasi menjelaskan proses/fenomena."",medium"
"PBM,Set 4,""Kalimat tidak langsung menggunakan kata hubung..."",""Bahwa"",""Dan"",""Tetapi"",""Karena"",""Jika"",A,""Kalimat tidak langsung: kata hubung 'bahwa'."",easy"
"PBM,Set 4,""Rima akhir dalam pantun bersajak..."",""a-a-a-a"",""a-b-a-b"",""a-b-c-d"",""a-a-b-b"",""a-b-b-a"",B,""Pantun: a-b-a-b."",easy"
"PBM,Set 4,""Tokoh protagonis adalah..."",""Tokoh baik"",""Tokoh jahat"",""Tokoh utama"",""Tokoh pembantu"",""Tokoh antagonis"",A,""Protagonis: tokoh baik/hero."",easy"
"PBM,Set 5,""Teks yang bertujuan menghibur pembaca adalah..."",""Fiksi (cerpen, novel)"",""Laporan"",""Berita"",""Prosedur"",""Eksposisi"",A,""Teks fiksi bertujuan menghibur."",easy"
"PBM,Set 5,""Bagian teks berita yang berisi ringkasan adalah..."",""Judul"",""Lead/Teras"",""Tubuh berita"",""Penutup"",""Kepala"",B,""Lead/teras berita berisi ringkasan 5W+1H."",medium"
"PBM,Set 5,""Majas yang menyatakan kebalikan dari maksud adalah..."",""Ironi"",""Hiperbola"",""Metafora"",""Personifikasi"",""Simile"",A,""Ironi: menyatakan kebalikan dengan maksud menyindir."",medium"
"PBM,Set 5,""Kalimat majemuk setara menggunakan konjungsi..."",""Dan, atau, tetapi"",""Karena, sebab, sehingga"",""Jika, apabila, kalau"",""Bahwa, agar, supaya"",""Ketika, saat, sewaktu"",A,""Majemuk setara: dan, atau, tetapi (koordinatif)."",easy"
"PBM,Set 5,""Amanat dalam cerita adalah..."",""Pesan moral"",""Tokoh utama"",""Latar waktu"",""Alur cerita"",""Sudut pandang"",A,""Amanat: pesan moral yang ingin disampaikan."",easy"
"PBM,Set 5,""Teks yang berisi langkah-langkah membuat sesuatu adalah..."",""Prosedur"",""Deskripsi"",""Narasi"",""Eksposisi"",""Persuasi"",A,""Teks prosedur: langkah-langkah membuat/melakukan."",easy"
"PBM,Set 5,""Konflik dalam cerita terjadi pada bagian..."",""Orientasi"",""Komplikasi"",""Resolusi"",""Koda"",""Abstrak"",B,""Komplikasi: bagian konflik/masalah muncul."",medium"
"PBM,Set 5,""Kata yang memiliki makna konotasi positif adalah..."",""Kurus (negatif, lebih baik 'langsing')"",""Langsing"",""Ceking"",""Kempot"",""Ramping"",B,""Konotasi positif: langsing (vs kurus yang negatif)."",medium"
"PBM,Set 5,""Struktur teks tanggapan adalah..."",""Evaluasi-Deskripsi-Penegasan"",""Orientasi-Komplikasi-Resolusi"",""Tesis-Argumen-Simpulan"",""Pernyataan-Argumen-Rekomendasi"",""Judul-Isi-Penutup"",A,""Teks tanggapan: Evaluasi→Deskripsi→Penegasan."",hard"
"PBM,Set 5,""Diksi adalah..."",""Pilihan kata"",""Tanda baca"",""Kalimat"",""Paragraf"",""Ejaan"",A,""Diksi = pilihan kata yang tepat."",easy"
